Song,Artist,Album,Cover Art,Year Released
6 dont call me 7,B6,Run Still Legendary,cmu://879282/42191408/Screenshot+2025-10-21+10.19.30+AM.png,2025
FWS,RunDownYungin,FWS -Single,cmu://879282/42192003/Screenshot+2025-10-21+10.25.48+AM.png,2025
Princeton Player,YFG Fatso,A Reaper's Ceremony,cmu://879282/42192345/Screenshot+2025-10-21+10.28.34+AM.png,2024
Life Goes On,Lil Baby,Harder Than Ever,cmu://879282/42192723/Screenshot+2025-10-21+10.31.47+AM.png,2018
Sinners,Rod Wave,Sinners -Single,cmu://879282/42193218/Screenshot+2025-10-21+10.35.51+AM.png,2025
Shampoo,Kodak Black,Shampoo -Single,cmu://879282/42193419/Screenshot+2025-10-21+10.37.38+AM.png,2024
Out The Window,YB,Out The Window -Single,cmu://879282/42244404/Screenshot+2025-10-22+9.55.51+AM.png,2025
Issa Party,Metro Boomin,A Futuristic Summa,cmu://879282/42229478/Screenshot+2025-10-21+8.01.47+PM.png,2025
Not A Drill,Lil Rae,For My Fans 2,cmu://879282/42229523/Screenshot+2025-10-21+8.04.31+PM.png,2023
Stick Up,Raq Baby,Stick Up -Single,cmu://879282/42229568/Screenshot+2025-10-21+8.07.50+PM.png,2025